<?xml version="1.0" encoding="UTF-8"?>
<jcr:root xmlns:jcr="http://www.jcp.org/jcr/1.0"
          xmlns:nt="http://www.jcp.org/jcr/nt/1.0"
          xmlns:cq="http://www.day.com/jcr/cq/1.0"
          xmlns:sling="http://sling.apache.org/jcr/sling/1.0"
          jcr:primaryType="nt:unstructured"
          jcr:title="Academy Guide Cards"
          sling:resourceType="cq/gui/components/authoring/dialog">
    <content jcr:primaryType="nt:unstructured"
             sling:resourceType="granite/ui/components/coral/foundation/fixedcolumns">
        <items jcr:primaryType="nt:unstructured">
            <tabs jcr:primaryType="nt:unstructured"
                  sling:resourceType="granite/ui/components/coral/foundation/tabs"
                  maximized="{Boolean}true">
                <items jcr:primaryType="nt:unstructured">
                    <slider jcr:primaryType="nt:unstructured"
                            jcr:title="Slider"
                            sling:resourceType="granite/ui/components/coral/foundation/form/multifield"
                            composite="{Boolean}true"
                            fieldLabel="Slider">
                        <field jcr:primaryType="nt:unstructured"
                               sling:resourceType="granite/ui/components/coral/foundation/container"
                               name="./slider">
                            <items jcr:primaryType="nt:unstructured">
                                <title jcr:primaryType="nt:unstructured"
                                       sling:resourceType="granite/ui/components/coral/foundation/form/textfield"
                                       fieldLabel="title"
                                       name="./title" />
                                <description jcr:primaryType="nt:unstructured"
                                             sling:resourceType="granite/ui/components/coral/foundation/form/textfield"
                                             fieldLabel="Description"
                                             name="./description" />
                                <image jcr:primaryType="nt:unstructured"
                                       sling:resourceType="granite/ui/components/coral/foundation/form/pathbrowser"
                                       fieldLabel="image"
                                       name="./image" />
                            </items>
                        </field>
                    </slider>
                    <ctalinks jcr:primaryType="nt:unstructured"
                              jcr:title="CtaLinks"
                              sling:resourceType="granite/ui/components/coral/foundation/container"
                              margin="{Boolean}true">
                        <items jcr:primaryType="nt:unstructured">
                            <products jcr:primaryType="nt:unstructured"
                                      sling:resourceType="granite/ui/components/coral/foundation/form/multifield"
                                      composite="{Boolean}true"
                                      fieldLabel="ctalinks">
                                <field jcr:primaryType="nt:unstructured"
                                       sling:resourceType="granite/ui/components/coral/foundation/container"
                                       name="./ctalinks">
                                    <items jcr:primaryType="nt:unstructured">
                                        <titlecta jcr:primaryType="nt:unstructured"
                                                  sling:resourceType="granite/ui/components/coral/foundation/form/textfield"
                                                  fieldLabel="title Cta"
                                                  name="./titlecta" />
                                        <linkcta jcr:primaryType="nt:unstructured"
                                                 sling:resourceType="granite/ui/components/coral/foundation/form/pathbrowser"
                                                 fieldLabel="link Cta"
                                                 name="./linkscta" />
                                        <targetcta jcr:primaryType="nt:unstructured"
                                                   sling:resourceType="granite/ui/components/coral/foundation/form/pathbrowser"
                                                   fieldLabel="target Cta"
                                                   name="./targetcta" />
                                    </items>
                                </field>
                            </products>
                        </items>
                    </ctalinks>
                    <statistics jcr:primaryType="nt:unstructured"
                                jcr:title="statistics"
                                sling:resourceType="granite/ui/components/coral/foundation/container"
                                margin="{Boolean}true">
                        <items jcr:primaryType="nt:unstructured">
                            <products jcr:primaryType="nt:unstructured"
                                      sling:resourceType="granite/ui/components/coral/foundation/form/multifield"
                                      composite="{Boolean}true"
                                      fieldLabel="statistics">
                                <field jcr:primaryType="nt:unstructured"
                                       sling:resourceType="granite/ui/components/coral/foundation/container"
                                       name="./statistics">
                                    <items jcr:primaryType="nt:unstructured">
                                        <titlestatistics jcr:primaryType="nt:unstructured"
                                                         sling:resourceType="granite/ui/components/coral/foundation/form/textfield"
                                                         fieldLabel="Title Statistics"
                                                         name="./titlestatistics" />
                                        <icon jcr:primaryType="nt:unstructured"
                                              sling:resourceType="granite/ui/components/coral/foundation/form/textfield"
                                              fieldLabel="Icon"
                                              name="./icon" />
                                        <number jcr:primaryType="nt:unstructured"
                                                sling:resourceType="granite/ui/components/coral/foundation/form/textfield"
                                                fieldLabel="number"
                                                name="./number" />
                                    </items>
                                </field>
                            </products>
                        </items>
                    </statistics>
                </items>
            </tabs>
        </items>
    </content>
</jcr:root>