<?xml version="1.0" encoding="UTF-8"?>
<jcr:root xmlns:jcr="http://www.jcp.org/jcr/1.0" xmlns:nt="http://www.jcp.org/jcr/nt/1.0" xmlns:granite="http://www.adobe.com/jcr/granite/1.0" xmlns:cq="http://www.day.com/jcr/cq/1.0" xmlns:sling="http://sling.apache.org/jcr/sling/1.0"
    jcr:primaryType="nt:unstructured"
    jcr:title="Properties"
    sling:resourceType="cq/gui/components/authoring/dialog">
    <content
        jcr:primaryType="nt:unstructured"
        sling:resourceType="granite/ui/components/coral/foundation/fixedcolumns">
        <items jcr:primaryType="nt:unstructured">
            <column
                jcr:primaryType="nt:unstructured"
                sling:resourceType="granite/ui/components/coral/foundation/container">
                <items jcr:primaryType="nt:unstructured">
                    <title
                        jcr:primaryType="nt:unstructured"
                        sling:resourceType="granite/ui/components/coral/foundation/form/textfield"
                        fieldLabel="title"
                        name="./title"/>
                    <subtitle
                        jcr:primaryType="nt:unstructured"
                        sling:resourceType="granite/ui/components/coral/foundation/form/textfield"
                        fieldLabel="subtitle"
                        name="./subtitle"/>
                    <dropdown
                        granite:class="cq-dialog-dropdown-showhide"
                        jcr:primaryType="nt:unstructured"
                        sling:resourceType="granite/ui/components/coral/foundation/form/select"
                        fieldLabel="Gender"
                        name="./gender">
                        <granite:data
                            jcr:primaryType="nt:unstructured"
                            cq-dialog-dropdown-showhide-target=".showhidetargets"/>
                        <item jcr:primaryType="nt:unstructured">
                            <male
                                jcr:primaryType="nt:unstructured"
                                text="male"
                                value="male"/>
                            <female
                                jcr:primaryType="nt:unstructured"
                                text="female"
                                value="female"/>
                        </item>
                    </dropdown>
                    <targetm
                        granite:class="showhidetargets"
                        jcr:primaryType="nt:unstructured"
                        sling:resourceType="granite/ui/components/coral/foundation/container">
                        <granite:data
                            jcr:primaryType="nt:unstructured"
                            showhidetargetvalue="male"/>
                        <item jcr:primaryType="nt:unstructured">
                            <malefield
                                jcr:primaryType="nt:unstructured"
                                sling:resourceType="granite/ui/components/coral/foundation/form/textfield"
                                fieldLabel="Mr."
                                name="./mfield"/>
                        </item>
                    </targetm>
                    <targetf
                        granite:class="showhidetargets"
                        jcr:primaryType="nt:unstructured"
                        sling:resourceType="granite/ui/components/coral/foundation/container">
                        <item jcr:primaryType="nt:unstructured">
                            <femalefield
                                jcr:primaryType="nt:unstructured"
                                sling:resourceType="granite/ui/components/coral/foundation/form/textfield"
                                fieldLabel="Mrs."
                                name="./ffield"/>
                        </item>
                        <granite:data
                            jcr:primaryType="nt:unstructured"
                            showhidetargetvalue="female"/>
                    </targetf>
                </items>
            </column>
        </items>
    </content>
</jcr:root>
