<?xml version="1.0" encoding="UTF-8"?>
<jcr:root xmlns:jcr="http://www.jcp.org/jcr/1.0" xmlns:nt="http://www.jcp.org/jcr/nt/1.0" xmlns:cq="http://www.day.com/jcr/cq/1.0" xmlns:sling="http://sling.apache.org/jcr/sling/1.0"
    jcr:primaryType="nt:unstructured"
    jcr:title="Properties"
    sling:resourceType="cq/gui/components/authoring/dialog">
    <content
        jcr:primaryType="nt:unstructured"
        sling:resourceType="granite/ui/components/coral/foundation/fixedcolumns">
        <items jcr:primaryType="nt:unstructured">
            <column
                jcr:primaryType="nt:unstructured"
                sling:resourceType="granite/ui/components/coral/foundation/container">
                <items jcr:primaryType="nt:unstructured">
                    <text
                        jcr:primaryType="nt:unstructured"
                        sling:resourceType="granite/ui/components/coral/foundation/form/textfield"
                        fieldLabel="Text"
                        name="./text"/>
                    <countrylist
                        jcr:primaryType="nt:unstructured"
                        sling:resourceType="granite/ui/components/coral/foundation/form/select"
                        fieldLabel="Countries"
                        
                        name="./country">
                               <datasource
        jcr:primaryType="nt:unstructured"
        sling:resourceType="/apps/acs-commons/components/utilities/genericlist/datasource/datasource.jsp"
          path="/etc/acs-commons/lists/stored-country-name/jcr:content/list"  />
                        
                    </countrylist>
                    <selectColor
                        jcr:primaryType="nt:unstructured"
                        sling:resourceType="granite/ui/components/coral/foundation/form/select"
                        fieldDescription="Select the color dropdown"
                        fieldLabel="Select Color "
                        multiple="{Boolean}true"
                        name="./selectedColor">
                        <datasource
                            jcr:primaryType="nt:unstructured"
                            sling:resourceType="/bin/jsonDataDropdown"
                            jsonDataPath="/apps/wknd/components/sample_dropdown/cq:dialog/content/items/column/items/selectColor/dropdown.json"/>
                        <dropdown.json/>
                    </selectColor>
                </items>
            </column>
        </items>
    </content>
</jcr:root>
